{"Pi": -20.473874848948, "AcP": -29.824888774923, "G3P": -36.982165594371, "DHAP": -36.994892460962, "E4P": -44.187600566904, "R5P": -51.393607684333, "Ru5P/X5P": -51.39923237727, "F6P": -58.602652487172, "S7P": -65.807052054171, "FBP": -73.993560208732, "H_2O": -5.082954874285, "p_{0,0}": -88.418698790805, "p_{0,1}": -81.198191309334, "p_{0,2}": -88.395506793264, "p_{0,3}": -44.194082757361, "p_{0,4}": -58.594445962679, "p_{0,5}": -65.803818493767, "p_{0,6}": -14.440311602876, "p_{0,7}": -21.591024182826, "p_{0,8}": -21.60202642697, "p_{0,9}": -28.793748192389, "p_{0,10}": -36.000273669536, "p_{0,11}": -36.00927036503, "p_{0,12}": -43.207957536625, "p_{0,13}": -50.408980750465, "p_{0,14}": -58.594385184555, "p_{0,15}": -29.780371711865, "p_{0,16}": -73.007933968837, "p_{0,17}": -7.17237389388, "p_{0,18}": -59.613559218233, "p_{0,19}": -66.822600096469, "p_{0,20}": -74.023519204822, "p_{0,21}": -65.801278270985, "p_{0,22}": -72.999348058698, "p_{0,23}": -73.997315691613, "p_{0,24}": -51.39372013568, "p_{0,25}": -88.402140915534, "p_{0,26}": -81.198823067434, "p_{0,27}": -57.620831721541, "p_{0,28}": -73.007401305428, "p_{0,29}": -57.616677571475, "p_{0,30}": -28.80024883638, "p_{0,31}": -65.808636998176, "p_{0,32}": -73.014806726568, "p_{0,33}": -65.804374013095, "p_{0,34}": -43.210025039793, "p_{0,35}": -73.011831518327, "p_{0,36}": -50.413087000142, "p_{0,37}": -57.611347822279, "p_{0,38}": -66.792965530902, "p_{0,39}": -81.191001796742, "p_{0,40}": -65.80139713104, "p_{0,41}": -73.003773202553, "p_{0,42}": -44.196440979045, "p_{0,43}": -58.599945235432, "p_{0,44}": -43.197713909199, "p_{0,45}": -50.407978942479, "p_{0,46}": -72.998798839136, "p_{0,47}": -14.389749357715, "p_{0,48}": -44.225368199153, "p_{0,49}": -44.234499941079, "p_{0,50}": -51.425869973282, "p_{0,51}": -51.434184014038, "p_{0,52}": -58.632999694876, "p_{0,53}": -58.638340704954, "p_{0,54}": -52.412491002513, "p_{0,55}": -81.229996167429, "p_{0,56}": -36.003280423424, "p_{0,57}": -57.605451988467, "p_{0,58}": -51.399715646969, "p_{0,59}": -58.595460658353, "p_{0,60}": -50.397847848009, "p_{0,61}": -28.832574686781, "p_{0,62}": -36.041860837775, "p_{0,63}": -43.239993759771, "p_{0,64}": -37.023131569053, "p_{0,65}": -37.020159178721, "p_{0,66}": -65.841702203188, "p_{0,67}": -65.840813931851, "p_{0,68}": -21.627657832263, "p_{0,69}": -50.439760326014}